[{"model": "admin.logentry", "pk": 1, "fields": {"action_time": "2021-09-17T19:53:13.385Z", "user": 2, "content_type": 3, "object_id": "1", "object_repr": "client", "action_flag": 1, "change_message": "[{\"added\": {}}]"}}, {"model": "admin.logentry", "pk": 2, "fields": {"action_time": "2021-09-17T19:53:24.255Z", "user": 2, "content_type": 3, "object_id": "2", "object_repr": "launderer", "action_flag": 1, "change_message": "[{\"added\": {}}]"}}, {"model": "admin.logentry", "pk": 3, "fields": {"action_time": "2021-09-17T19:53:35.424Z", "user": 2, "content_type": 3, "object_id": "3", "object_repr": "admin", "action_flag": 1, "change_message": "[{\"added\": {}}]"}}, {"model": "admin.logentry", "pk": 4, "fields": {"action_time": "2021-09-17T19:53:49.101Z", "user": 2, "content_type": 3, "object_id": "3", "object_repr": "admin", "action_flag": 2, "change_message": "[{\"changed\": {\"fields\": [\"Permissions\"]}}]"}}, {"model": "admin.logentry", "pk": 5, "fields": {"action_time": "2021-09-17T19:56:02.250Z", "user": 2, "content_type": 3, "object_id": "2", "object_repr": "launderer", "action_flag": 2, "change_message": "[{\"changed\": {\"fields\": [\"Permissions\"]}}]"}}, {"model": "admin.logentry", "pk": 6, "fields": {"action_time": "2021-09-17T19:56:59.479Z", "user": 2, "content_type": 3, "object_id": "1", "object_repr": "client", "action_flag": 2, "change_message": "[{\"changed\": {\"fields\": [\"Permissions\"]}}]"}}, {"model": "admin.logentry", "pk": 7, "fields": {"action_time": "2021-09-17T19:57:49.730Z", "user": 2, "content_type": 3, "object_id": "2", "object_repr": "launderer", "action_flag": 2, "change_message": "[]"}}, {"model": "admin.logentry", "pk": 8, "fields": {"action_time": "2021-09-17T19:58:18.462Z", "user": 2, "content_type": 3, "object_id": "2", "object_repr": "launderer", "action_flag": 2, "change_message": "[{\"changed\": {\"fields\": [\"Permissions\"]}}]"}}, {"model": "admin.logentry", "pk": 9, "fields": {"action_time": "2021-09-17T19:59:04.244Z", "user": 2, "content_type": 4, "object_id": "3", "object_repr": "hello_wold", "action_flag": 2, "change_message": "[{\"changed\": {\"fields\": [\"Groups\"]}}]"}}, {"model": "admin.logentry", "pk": 10, "fields": {"action_time": "2021-09-17T19:59:15.002Z", "user": 2, "content_type": 4, "object_id": "2", "object_repr": "cllaunderete", "action_flag": 2, "change_message": "[{\"changed\": {\"fields\": [\"Groups\"]}}]"}}, {"model": "admin.logentry", "pk": 11, "fields": {"action_time": "2021-09-17T19:59:27.216Z", "user": 2, "content_type": 4, "object_id": "4", "object_repr": "launderer1", "action_flag": 2, "change_message": "[{\"changed\": {\"fields\": [\"Groups\"]}}]"}}, {"model": "admin.logentry", "pk": 12, "fields": {"action_time": "2021-09-17T20:29:52.973Z", "user": 2, "content_type": 4, "object_id": "5", "object_repr": "yhk", "action_flag": 3, "change_message": ""}}, {"model": "admin.logentry", "pk": 13, "fields": {"action_time": "2021-09-17T20:29:53.322Z", "user": 2, "content_type": 4, "object_id": "6", "object_repr": "yhk2", "action_flag": 3, "change_message": ""}}, {"model": "admin.logentry", "pk": 14, "fields": {"action_time": "2021-09-17T20:29:53.386Z", "user": 2, "content_type": 4, "object_id": "7", "object_repr": "yhk3", "action_flag": 3, "change_message": ""}}, {"model": "admin.logentry", "pk": 15, "fields": {"action_time": "2021-09-17T20:29:53.472Z", "user": 2, "content_type": 4, "object_id": "8", "object_repr": "yhk4", "action_flag": 3, "change_message": ""}}, {"model": "admin.logentry", "pk": 16, "fields": {"action_time": "2021-09-17T20:29:53.552Z", "user": 2, "content_type": 4, "object_id": "9", "object_repr": "yhk5", "action_flag": 3, "change_message": ""}}, {"model": "admin.logentry", "pk": 17, "fields": {"action_time": "2021-09-18T12:06:16.096Z", "user": 2, "content_type": 9, "object_id": "1", "object_repr": "Launderette 1", "action_flag": 1, "change_message": "[{\"added\": {}}]"}}, {"model": "admin.logentry", "pk": 18, "fields": {"action_time": "2021-09-18T12:18:42.575Z", "user": 2, "content_type": 9, "object_id": "1", "object_repr": "Launderette 1", "action_flag": 3, "change_message": ""}}, {"model": "admin.logentry", "pk": 19, "fields": {"action_time": "2021-09-18T12:45:38.522Z", "user": 2, "content_type": 9, "object_id": "2", "object_repr": "Launderette 1", "action_flag": 3, "change_message": ""}}, {"model": "admin.logentry", "pk": 20, "fields": {"action_time": "2021-09-18T13:30:39.745Z", "user": 2, "content_type": 9, "object_id": "3", "object_repr": "Launderette 3", "action_flag": 3, "change_message": ""}}, {"model": "admin.logentry", "pk": 21, "fields": {"action_time": "2021-09-18T13:39:00.012Z", "user": 2, "content_type": 9, "object_id": "4", "object_repr": "Launderette 1", "action_flag": 3, "change_message": ""}}, {"model": "admin.logentry", "pk": 22, "fields": {"action_time": "2021-09-18T13:46:21.711Z", "user": 2, "content_type": 9, "object_id": "5", "object_repr": "Launderette 1", "action_flag": 3, "change_message": ""}}, {"model": "admin.logentry", "pk": 23, "fields": {"action_time": "2021-09-19T16:27:39.659Z", "user": 2, "content_type": 9, "object_id": "7", "object_repr": "Launderette 2", "action_flag": 3, "change_message": ""}}, {"model": "admin.logentry", "pk": 24, "fields": {"action_time": "2021-09-19T20:19:38.892Z", "user": 2, "content_type": 14, "object_id": "1", "object_repr": "anwar samen", "action_flag": 1, "change_message": "[{\"added\": {}}]"}}, {"model": "admin.logentry", "pk": 25, "fields": {"action_time": "2021-09-19T20:20:16.439Z", "user": 2, "content_type": 14, "object_id": "2", "object_repr": "anwar samen", "action_flag": 1, "change_message": "[{\"added\": {}}]"}}, {"model": "admin.logentry", "pk": 26, "fields": {"action_time": "2021-09-19T20:20:41.765Z", "user": 2, "content_type": 14, "object_id": "3", "object_repr": "anwar samen", "action_flag": 1, "change_message": "[{\"added\": {}}]"}}, {"model": "admin.logentry", "pk": 27, "fields": {"action_time": "2021-09-20T00:26:01.680Z", "user": 2, "content_type": 14, "object_id": "4", "object_repr": "anwar samen", "action_flag": 1, "change_message": "[{\"added\": {}}]"}}, {"model": "admin.logentry", "pk": 28, "fields": {"action_time": "2021-09-20T01:06:08.298Z", "user": 2, "content_type": 12, "object_id": "1", "object_repr": "anwar samen", "action_flag": 1, "change_message": "[{\"added\": {}}]"}}, {"model": "admin.logentry", "pk": 29, "fields": {"action_time": "2021-09-20T01:08:17.280Z", "user": 2, "content_type": 12, "object_id": "2", "object_repr": "anwar samen", "action_flag": 1, "change_message": "[{\"added\": {}}]"}}, {"model": "admin.logentry", "pk": 30, "fields": {"action_time": "2021-09-20T01:08:35.774Z", "user": 2, "content_type": 12, "object_id": "1", "object_repr": "anwar samen", "action_flag": 2, "change_message": "[{\"changed\": {\"fields\": [\"Order\", \"Review\"]}}]"}}, {"model": "admin.logentry", "pk": 31, "fields": {"action_time": "2021-09-20T01:08:44.508Z", "user": 2, "content_type": 12, "object_id": "2", "object_repr": "anwar samen", "action_flag": 2, "change_message": "[]"}}, {"model": "admin.logentry", "pk": 32, "fields": {"action_time": "2021-09-20T01:13:03.518Z", "user": 2, "content_type": 12, "object_id": "3", "object_repr": "anwar samen", "action_flag": 1, "change_message": "[{\"added\": {}}]"}}, {"model": "admin.logentry", "pk": 33, "fields": {"action_time": "2021-10-01T01:15:15.195Z", "user": 2, "content_type": 14, "object_id": "5", "object_repr": "anwar samen", "action_flag": 1, "change_message": "[{\"added\": {}}]"}}, {"model": "admin.logentry", "pk": 34, "fields": {"action_time": "2021-10-01T02:18:29.474Z", "user": 2, "content_type": 14, "object_id": "6", "object_repr": "anwar samen", "action_flag": 1, "change_message": "[{\"added\": {}}]"}}, {"model": "admin.logentry", "pk": 35, "fields": {"action_time": "2021-10-01T02:18:52.428Z", "user": 2, "content_type": 14, "object_id": "7", "object_repr": "anwar samen", "action_flag": 1, "change_message": "[{\"added\": {}}]"}}, {"model": "admin.logentry", "pk": 36, "fields": {"action_time": "2021-10-01T02:19:10.968Z", "user": 2, "content_type": 14, "object_id": "8", "object_repr": "anwar samen", "action_flag": 1, "change_message": "[{\"added\": {}}]"}}, {"model": "admin.logentry", "pk": 37, "fields": {"action_time": "2021-10-06T12:29:21.850Z", "user": 2, "content_type": 4, "object_id": "10", "object_repr": "yhk", "action_flag": 2, "change_message": "[{\"changed\": {\"fields\": [\"Active\"]}}]"}}, {"model": "admin.logentry", "pk": 38, "fields": {"action_time": "2021-10-06T12:34:12.320Z", "user": 2, "content_type": 4, "object_id": "10", "object_repr": "yhk", "action_flag": 2, "change_message": "[{\"changed\": {\"fields\": [\"Active\"]}}]"}}, {"model": "admin.logentry", "pk": 39, "fields": {"action_time": "2021-10-08T04:53:12.592Z", "user": 2, "content_type": 14, "object_id": "9", "object_repr": "hello_wold", "action_flag": 1, "change_message": "[{\"added\": {}}]"}}, {"model": "admin.logentry", "pk": 40, "fields": {"action_time": "2021-11-28T20:16:53.230Z", "user": 2, "content_type": 4, "object_id": "14", "object_repr": "anwai", "action_flag": 1, "change_message": "[{\"added\": {}}]"}}, {"model": "admin.logentry", "pk": 41, "fields": {"action_time": "2021-11-28T20:17:16.146Z", "user": 2, "content_type": 7, "object_id": "2", "object_repr": "anwai", "action_flag": 1, "change_message": "[{\"added\": {}}]"}}, {"model": "admin.logentry", "pk": 42, "fields": {"action_time": "2021-12-04T11:37:16.216Z", "user": 2, "content_type": 14, "object_id": "9", "object_repr": "hello_wold", "action_flag": 2, "change_message": "[{\"changed\": {\"fields\": [\"Services\"]}}]"}}, {"model": "admin.logentry", "pk": 43, "fields": {"action_time": "2021-12-04T11:37:26.043Z", "user": 2, "content_type": 14, "object_id": "8", "object_repr": "hello_wold", "action_flag": 2, "change_message": "[{\"changed\": {\"fields\": [\"Services\"]}}]"}}, {"model": "admin.logentry", "pk": 44, "fields": {"action_time": "2021-12-04T11:37:40.061Z", "user": 2, "content_type": 14, "object_id": "7", "object_repr": "hello_wold", "action_flag": 2, "change_message": "[{\"changed\": {\"fields\": [\"Services\", \"Status\"]}}]"}}, {"model": "admin.logentry", "pk": 45, "fields": {"action_time": "2021-12-04T11:37:49.167Z", "user": 2, "content_type": 14, "object_id": "6", "object_repr": "hello_wold", "action_flag": 2, "change_message": "[{\"changed\": {\"fields\": [\"Services\"]}}]"}}, {"model": "admin.logentry", "pk": 46, "fields": {"action_time": "2021-12-04T11:37:57.991Z", "user": 2, "content_type": 14, "object_id": "4", "object_repr": "hello_wold", "action_flag": 2, "change_message": "[{\"changed\": {\"fields\": [\"Services\"]}}]"}}, {"model": "admin.logentry", "pk": 47, "fields": {"action_time": "2021-12-06T12:44:05.179Z", "user": 2, "content_type": 4, "object_id": "16", "object_repr": "usertester12346", "action_flag": 3, "change_message": ""}}, {"model": "admin.logentry", "pk": 48, "fields": {"action_time": "2021-12-06T12:44:05.814Z", "user": 2, "content_type": 4, "object_id": "17", "object_repr": "usman12345", "action_flag": 3, "change_message": ""}}, {"model": "admin.logentry", "pk": 49, "fields": {"action_time": "2021-12-06T12:45:57.460Z", "user": 2, "content_type": 4, "object_id": "14", "object_repr": "anwai", "action_flag": 2, "change_message": "[{\"changed\": {\"fields\": [\"Email address\"]}}]"}}, {"model": "admin.logentry", "pk": 50, "fields": {"action_time": "2021-12-06T12:46:44.099Z", "user": 2, "content_type": 4, "object_id": "2", "object_repr": "cllaunderete", "action_flag": 2, "change_message": "[{\"changed\": {\"fields\": [\"Email address\"]}}]"}}, {"model": "admin.logentry", "pk": 51, "fields": {"action_time": "2021-12-06T12:47:09.210Z", "user": 2, "content_type": 4, "object_id": "1", "object_repr": "ghostty", "action_flag": 2, "change_message": "[{\"changed\": {\"fields\": [\"Email address\"]}}]"}}, {"model": "admin.logentry", "pk": 52, "fields": {"action_time": "2021-12-06T19:48:48.651Z", "user": 2, "content_type": 4, "object_id": "16", "object_repr": "testuser1245", "action_flag": 3, "change_message": ""}}, {"model": "admin.logentry", "pk": 53, "fields": {"action_time": "2021-12-06T20:04:01.534Z", "user": 2, "content_type": 4, "object_id": "17", "object_repr": "usertester12345", "action_flag": 3, "change_message": ""}}, {"model": "admin.logentry", "pk": 54, "fields": {"action_time": "2021-12-06T20:07:28.539Z", "user": 2, "content_type": 4, "object_id": "18", "object_repr": "usertester12346", "action_flag": 3, "change_message": ""}}, {"model": "admin.logentry", "pk": 55, "fields": {"action_time": "2021-12-06T20:15:43.950Z", "user": 2, "content_type": 4, "object_id": "19", "object_repr": "usertester12346", "action_flag": 3, "change_message": ""}}, {"model": "admin.logentry", "pk": 56, "fields": {"action_time": "2021-12-06T20:15:44.100Z", "user": 2, "content_type": 4, "object_id": "20", "object_repr": "usertester123467", "action_flag": 3, "change_message": ""}}, {"model": "admin.logentry", "pk": 57, "fields": {"action_time": "2021-12-06T20:19:53.228Z", "user": 2, "content_type": 4, "object_id": "21", "object_repr": "usertester12346", "action_flag": 3, "change_message": ""}}, {"model": "admin.logentry", "pk": 58, "fields": {"action_time": "2021-12-06T20:46:33.043Z", "user": 2, "content_type": 4, "object_id": "22", "object_repr": "usertester12346", "action_flag": 3, "change_message": ""}}, {"model": "admin.logentry", "pk": 59, "fields": {"action_time": "2021-12-06T20:48:11.906Z", "user": 2, "content_type": 4, "object_id": "23", "object_repr": "usertester12346", "action_flag": 3, "change_message": ""}}, {"model": "admin.logentry", "pk": 60, "fields": {"action_time": "2021-12-06T21:01:03.067Z", "user": 2, "content_type": 4, "object_id": "24", "object_repr": "usertester12346", "action_flag": 3, "change_message": ""}}, {"model": "admin.logentry", "pk": 61, "fields": {"action_time": "2021-12-06T21:07:32.824Z", "user": 2, "content_type": 4, "object_id": "26", "object_repr": "feezisghost", "action_flag": 3, "change_message": ""}}, {"model": "admin.logentry", "pk": 62, "fields": {"action_time": "2021-12-06T21:07:32.982Z", "user": 2, "content_type": 4, "object_id": "25", "object_repr": "usertester12346", "action_flag": 3, "change_message": ""}}, {"model": "admin.logentry", "pk": 63, "fields": {"action_time": "2021-12-06T22:06:39.673Z", "user": 2, "content_type": 4, "object_id": "15", "object_repr": "usertester1234", "action_flag": 3, "change_message": ""}}, {"model": "admin.logentry", "pk": 64, "fields": {"action_time": "2021-12-07T10:11:12.341Z", "user": 2, "content_type": 4, "object_id": "27", "object_repr": "jeesiansari12", "action_flag": 3, "change_message": ""}}, {"model": "admin.logentry", "pk": 65, "fields": {"action_time": "2021-12-07T10:11:12.517Z", "user": 2, "content_type": 4, "object_id": "28", "object_repr": "usrtt12", "action_flag": 3, "change_message": ""}}, {"model": "admin.logentry", "pk": 66, "fields": {"action_time": "2021-12-07T10:14:07.182Z", "user": 2, "content_type": 4, "object_id": "29", "object_repr": "feezeeehh", "action_flag": 3, "change_message": ""}}, {"model": "admin.logentry", "pk": 67, "fields": {"action_time": "2021-12-07T10:22:34.325Z", "user": 2, "content_type": 4, "object_id": "30", "object_repr": "feehh", "action_flag": 3, "change_message": ""}}, {"model": "admin.logentry", "pk": 68, "fields": {"action_time": "2021-12-07T10:25:56.066Z", "user": 2, "content_type": 4, "object_id": "31", "object_repr": "feezeehh", "action_flag": 3, "change_message": ""}}, {"model": "admin.logentry", "pk": 69, "fields": {"action_time": "2021-12-07T12:35:46.716Z", "user": 2, "content_type": 4, "object_id": "32", "object_repr": "feezeehh", "action_flag": 3, "change_message": ""}}, {"model": "admin.logentry", "pk": 70, "fields": {"action_time": "2021-12-07T12:41:43.416Z", "user": 2, "content_type": 4, "object_id": "33", "object_repr": "feezee1", "action_flag": 3, "change_message": ""}}, {"model": "admin.logentry", "pk": 71, "fields": {"action_time": "2021-12-07T12:46:23.806Z", "user": 2, "content_type": 4, "object_id": "34", "object_repr": "feezee1", "action_flag": 3, "change_message": ""}}, {"model": "admin.logentry", "pk": 72, "fields": {"action_time": "2021-12-07T12:46:24.217Z", "user": 2, "content_type": 4, "object_id": "35", "object_repr": "njk2", "action_flag": 3, "change_message": ""}}, {"model": "admin.logentry", "pk": 73, "fields": {"action_time": "2021-12-08T14:59:26.222Z", "user": 2, "content_type": 8, "object_id": "7", "object_repr": "yhk", "action_flag": 2, "change_message": "[{\"changed\": {\"fields\": [\"City\", \"Is email verified\"]}}]"}}, {"model": "admin.logentry", "pk": 74, "fields": {"action_time": "2021-12-09T21:33:57.699Z", "user": 2, "content_type": 8, "object_id": "11", "object_repr": "None", "action_flag": 3, "change_message": ""}}, {"model": "admin.logentry", "pk": 75, "fields": {"action_time": "2021-12-09T21:33:57.892Z", "user": 2, "content_type": 8, "object_id": "10", "object_repr": "None", "action_flag": 3, "change_message": ""}}, {"model": "auth.permission", "pk": 1, "fields": {"name": "Can add log entry", "content_type": 1, "codename": "add_logentry"}}, {"model": "auth.permission", "pk": 2, "fields": {"name": "Can change log entry", "content_type": 1, "codename": "change_logentry"}}, {"model": "auth.permission", "pk": 3, "fields": {"name": "Can delete log entry", "content_type": 1, "codename": "delete_logentry"}}, {"model": "auth.permission", "pk": 4, "fields": {"name": "Can view log entry", "content_type": 1, "codename": "view_logentry"}}, {"model": "auth.permission", "pk": 5, "fields": {"name": "Can add permission", "content_type": 2, "codename": "add_permission"}}, {"model": "auth.permission", "pk": 6, "fields": {"name": "Can change permission", "content_type": 2, "codename": "change_permission"}}, {"model": "auth.permission", "pk": 7, "fields": {"name": "Can delete permission", "content_type": 2, "codename": "delete_permission"}}, {"model": "auth.permission", "pk": 8, "fields": {"name": "Can view permission", "content_type": 2, "codename": "view_permission"}}, {"model": "auth.permission", "pk": 9, "fields": {"name": "Can add group", "content_type": 3, "codename": "add_group"}}, {"model": "auth.permission", "pk": 10, "fields": {"name": "Can change group", "content_type": 3, "codename": "change_group"}}, {"model": "auth.permission", "pk": 11, "fields": {"name": "Can delete group", "content_type": 3, "codename": "delete_group"}}, {"model": "auth.permission", "pk": 12, "fields": {"name": "Can view group", "content_type": 3, "codename": "view_group"}}, {"model": "auth.permission", "pk": 13, "fields": {"name": "Can add user", "content_type": 4, "codename": "add_user"}}, {"model": "auth.permission", "pk": 14, "fields": {"name": "Can change user", "content_type": 4, "codename": "change_user"}}, {"model": "auth.permission", "pk": 15, "fields": {"name": "Can delete user", "content_type": 4, "codename": "delete_user"}}, {"model": "auth.permission", "pk": 16, "fields": {"name": "Can view user", "content_type": 4, "codename": "view_user"}}, {"model": "auth.permission", "pk": 17, "fields": {"name": "Can add content type", "content_type": 5, "codename": "add_contenttype"}}, {"model": "auth.permission", "pk": 18, "fields": {"name": "Can change content type", "content_type": 5, "codename": "change_contenttype"}}, {"model": "auth.permission", "pk": 19, "fields": {"name": "Can delete content type", "content_type": 5, "codename": "delete_contenttype"}}, {"model": "auth.permission", "pk": 20, "fields": {"name": "Can view content type", "content_type": 5, "codename": "view_contenttype"}}, {"model": "auth.permission", "pk": 21, "fields": {"name": "Can add session", "content_type": 6, "codename": "add_session"}}, {"model": "auth.permission", "pk": 22, "fields": {"name": "Can change session", "content_type": 6, "codename": "change_session"}}, {"model": "auth.permission", "pk": 23, "fields": {"name": "Can delete session", "content_type": 6, "codename": "delete_session"}}, {"model": "auth.permission", "pk": 24, "fields": {"name": "Can view session", "content_type": 6, "codename": "view_session"}}, {"model": "auth.permission", "pk": 25, "fields": {"name": "Can add client", "content_type": 7, "codename": "add_client"}}, {"model": "auth.permission", "pk": 26, "fields": {"name": "Can change client", "content_type": 7, "codename": "change_client"}}, {"model": "auth.permission", "pk": 27, "fields": {"name": "Can delete client", "content_type": 7, "codename": "delete_client"}}, {"model": "auth.permission", "pk": 28, "fields": {"name": "Can view client", "content_type": 7, "codename": "view_client"}}, {"model": "auth.permission", "pk": 29, "fields": {"name": "Can add launderer", "content_type": 8, "codename": "add_launderer"}}, {"model": "auth.permission", "pk": 30, "fields": {"name": "Can change launderer", "content_type": 8, "codename": "change_launderer"}}, {"model": "auth.permission", "pk": 31, "fields": {"name": "Can delete launderer", "content_type": 8, "codename": "delete_launderer"}}, {"model": "auth.permission", "pk": 32, "fields": {"name": "Can view launderer", "content_type": 8, "codename": "view_launderer"}}, {"model": "auth.permission", "pk": 33, "fields": {"name": "Can add launderette", "content_type": 9, "codename": "add_launderette"}}, {"model": "auth.permission", "pk": 34, "fields": {"name": "Can change launderette", "content_type": 9, "codename": "change_launderette"}}, {"model": "auth.permission", "pk": 35, "fields": {"name": "Can delete launderette", "content_type": 9, "codename": "delete_launderette"}}, {"model": "auth.permission", "pk": 36, "fields": {"name": "Can view launderette", "content_type": 9, "codename": "view_launderette"}}, {"model": "auth.permission", "pk": 37, "fields": {"name": "Can add transactions", "content_type": 10, "codename": "add_transactions"}}, {"model": "auth.permission", "pk": 38, "fields": {"name": "Can change transactions", "content_type": 10, "codename": "change_transactions"}}, {"model": "auth.permission", "pk": 39, "fields": {"name": "Can delete transactions", "content_type": 10, "codename": "delete_transactions"}}, {"model": "auth.permission", "pk": 40, "fields": {"name": "Can view transactions", "content_type": 10, "codename": "view_transactions"}}, {"model": "auth.permission", "pk": 41, "fields": {"name": "Can add services", "content_type": 11, "codename": "add_services"}}, {"model": "auth.permission", "pk": 42, "fields": {"name": "Can change services", "content_type": 11, "codename": "change_services"}}, {"model": "auth.permission", "pk": 43, "fields": {"name": "Can delete services", "content_type": 11, "codename": "delete_services"}}, {"model": "auth.permission", "pk": 44, "fields": {"name": "Can view services", "content_type": 11, "codename": "view_services"}}, {"model": "auth.permission", "pk": 45, "fields": {"name": "Can add review", "content_type": 12, "codename": "add_review"}}, {"model": "auth.permission", "pk": 46, "fields": {"name": "Can change review", "content_type": 12, "codename": "change_review"}}, {"model": "auth.permission", "pk": 47, "fields": {"name": "Can delete review", "content_type": 12, "codename": "delete_review"}}, {"model": "auth.permission", "pk": 48, "fields": {"name": "Can view review", "content_type": 12, "codename": "view_review"}}, {"model": "auth.permission", "pk": 49, "fields": {"name": "Can add payment", "content_type": 13, "codename": "add_payment"}}, {"model": "auth.permission", "pk": 50, "fields": {"name": "Can change payment", "content_type": 13, "codename": "change_payment"}}, {"model": "auth.permission", "pk": 51, "fields": {"name": "Can delete payment", "content_type": 13, "codename": "delete_payment"}}, {"model": "auth.permission", "pk": 52, "fields": {"name": "Can view payment", "content_type": 13, "codename": "view_payment"}}, {"model": "auth.permission", "pk": 53, "fields": {"name": "Can add order", "content_type": 14, "codename": "add_order"}}, {"model": "auth.permission", "pk": 54, "fields": {"name": "Can change order", "content_type": 14, "codename": "change_order"}}, {"model": "auth.permission", "pk": 55, "fields": {"name": "Can delete order", "content_type": 14, "codename": "delete_order"}}, {"model": "auth.permission", "pk": 56, "fields": {"name": "Can view order", "content_type": 14, "codename": "view_order"}}, {"model": "auth.permission", "pk": 57, "fields": {"name": "Can add delivery", "content_type": 15, "codename": "add_delivery"}}, {"model": "auth.permission", "pk": 58, "fields": {"name": "Can change delivery", "content_type": 15, "codename": "change_delivery"}}, {"model": "auth.permission", "pk": 59, "fields": {"name": "Can delete delivery", "content_type": 15, "codename": "delete_delivery"}}, {"model": "auth.permission", "pk": 60, "fields": {"name": "Can view delivery", "content_type": 15, "codename": "view_delivery"}}, {"model": "auth.permission", "pk": 61, "fields": {"name": "Can add complaint", "content_type": 16, "codename": "add_complaint"}}, {"model": "auth.permission", "pk": 62, "fields": {"name": "Can change complaint", "content_type": 16, "codename": "change_complaint"}}, {"model": "auth.permission", "pk": 63, "fields": {"name": "Can delete complaint", "content_type": 16, "codename": "delete_complaint"}}, {"model": "auth.permission", "pk": 64, "fields": {"name": "Can view complaint", "content_type": 16, "codename": "view_complaint"}}, {"model": "auth.permission", "pk": 65, "fields": {"name": "Can add review comment", "content_type": 17, "codename": "add_reviewcomment"}}, {"model": "auth.permission", "pk": 66, "fields": {"name": "Can change review comment", "content_type": 17, "codename": "change_reviewcomment"}}, {"model": "auth.permission", "pk": 67, "fields": {"name": "Can delete review comment", "content_type": 17, "codename": "delete_reviewcomment"}}, {"model": "auth.permission", "pk": 68, "fields": {"name": "Can view review comment", "content_type": 17, "codename": "view_reviewcomment"}}, {"model": "auth.group", "pk": 1, "fields": {"name": "client", "permissions": [26, 27, 28, 61, 62, 63, 64, 32, 36, 53, 54, 55, 56, 49, 50, 51, 52, 45, 46, 47, 48, 44, 37, 38, 39, 40]}}, {"model": "auth.group", "pk": 2, "fields": {"name": "launderer", "permissions": [28, 64, 57, 58, 59, 60, 30, 31, 32, 33, 34, 35, 36, 53, 55, 49, 50, 51, 52, 48, 41, 42, 43, 44, 37, 38, 39, 40]}}, {"model": "auth.group", "pk": 3, "fields": {"name": "admin", "permissions": [1, 2, 3, 4, 9, 10, 11, 12, 5, 6, 7, 8, 13, 14, 15, 16, 25, 26, 27, 28, 61, 62, 63, 64, 57, 58, 59, 60, 29, 30, 31, 32, 33, 34, 35, 36, 53, 54, 55, 56, 49, 50, 51, 52, 45, 46, 47, 48, 41, 42, 43, 44, 37, 38, 39, 40, 17, 18, 19, 20, 21, 22, 23, 24]}}, {"model": "auth.user", "pk": 1, "fields": {"password": "pbkdf2_sha256$216000$c561Sxob5OBY$AvbDH7KAhKD/vNbc+nt2wXMUS2GUi2t1F2K0XJ86E+0=", "last_login": "2021-06-05T05:44:57Z", "is_superuser": true, "username": "ghostty", "first_name": "", "last_name": "", "email": "ghosttyisusman@gmail.com", "is_staff": true, "is_active": true, "date_joined": "2021-05-30T14:25:38Z", "groups": [], "user_permissions": []}}, {"model": "auth.user", "pk": 2, "fields": {"password": "pbkdf2_sha256$216000$QUbcj8qGl0wu$zZ7SzIsbAihuQGlBFD0VZqYPAjVyGj5lz8I49KPi6oY=", "last_login": "2021-12-09T22:23:09.280Z", "is_superuser": true, "username": "cllaunderete", "first_name": "", "last_name": "", "email": "cloudlaunderette@gmail.com", "is_staff": true, "is_active": true, "date_joined": "2021-09-17T14:15:52Z", "groups": [3], "user_permissions": []}}, {"model": "auth.user", "pk": 3, "fields": {"password": "pbkdf2_sha256$216000$3VQRrjZG6uSC$JQGxYsFH+EJq/euqhmP714WNF2S8iJQYsvr9YjKpMss=", "last_login": "2021-09-17T16:09:16Z", "is_superuser": false, "username": "hello_wold", "first_name": "", "last_name": "", "email": "anwar@gmail.com", "is_staff": false, "is_active": true, "date_joined": "2021-09-17T16:09:16Z", "groups": [1], "user_permissions": []}}, {"model": "auth.user", "pk": 4, "fields": {"password": "pbkdf2_sha256$216000$Tib53QTdOKrr$LvcD3+SV9wX1IdMTS1hTPZCCMiLlvN2rc1qC7q63cbE=", "last_login": "2021-10-08T03:14:25.434Z", "is_superuser": false, "username": "launderer1", "first_name": "", "last_name": "", "email": "najeebKK1@gmail.com", "is_staff": false, "is_active": true, "date_joined": "2021-09-17T16:14:43Z", "groups": [2], "user_permissions": []}}, {"model": "auth.user", "pk": 10, "fields": {"password": "pbkdf2_sha256$216000$s29cvWQoXBeG$4Swe2OeqI/OUEFgOJoVjvcOiuCN/QutuKd+GMx85wkk=", "last_login": "2021-12-09T19:51:16.159Z", "is_superuser": false, "username": "yhk", "first_name": "", "last_name": "", "email": "yasirhassankhan1@gmail.com", "is_staff": false, "is_active": true, "date_joined": "2021-09-17T20:30:21Z", "groups": [2], "user_permissions": []}}, {"model": "auth.user", "pk": 11, "fields": {"password": "pbkdf2_sha256$216000$gSJmeZImWOs4$fdEwkhktFSy6brpzDPsi6NTN5Tun8idDd+o0tOIz60U=", "last_login": "2021-11-29T21:03:29.576Z", "is_superuser": false, "username": "njk", "first_name": "", "last_name": "", "email": "najeebKhan@gmail.com", "is_staff": false, "is_active": true, "date_joined": "2021-09-19T16:15:09.550Z", "groups": [2], "user_permissions": []}}, {"model": "auth.user", "pk": 12, "fields": {"password": "pbkdf2_sha256$216000$ojSeAP5vFqqc$0xj7qXdPj/sTDxNLfqfdXi0tD7Tr/mFQ2xsyW9BZ6s4=", "last_login": "2021-10-08T04:47:50.595Z", "is_superuser": false, "username": "fyp1", "first_name": "", "last_name": "", "email": "usamaawan292@gmail.com", "is_staff": false, "is_active": true, "date_joined": "2021-10-08T04:17:03.104Z", "groups": [2], "user_permissions": []}}, {"model": "auth.user", "pk": 13, "fields": {"password": "pbkdf2_sha256$216000$w42HsdDJynpc$Sj/n6cOMKuB2QGFt22++4g1PhJXKJL5tD3kwoW0mcuY=", "last_login": null, "is_superuser": false, "username": "restuser1", "first_name": "Usman", "last_name": "Rest", "email": "usmanrest1@gmail.com", "is_staff": false, "is_active": true, "date_joined": "2021-10-26T17:25:34.486Z", "groups": [], "user_permissions": []}}, {"model": "auth.user", "pk": 14, "fields": {"password": "pbkdf2_sha256$216000$E1uSj1VofXin$lszKUwH7hMKG7klLK+OJHka6jRQF1Fw5mGg4lMIgPLU=", "last_login": null, "is_superuser": false, "username": "anwai", "first_name": "", "last_name": "", "email": "anwaranwai123@gmail.com", "is_staff": false, "is_active": true, "date_joined": "2021-11-28T20:16:53Z", "groups": [], "user_permissions": []}}, {"model": "auth.user", "pk": 36, "fields": {"password": "pbkdf2_sha256$216000$yGnEoTWedZtH$T+3Ad3TN4JnMCPoEcj0wCG6c8USE3Uk/EnuvIuwDO+U=", "last_login": "2021-12-07T13:24:10.536Z", "is_superuser": false, "username": "usamaK", "first_name": "", "last_name": "", "email": "iammuhammadusman1@gmail.com", "is_staff": false, "is_active": true, "date_joined": "2021-12-07T13:20:46.011Z", "groups": [2], "user_permissions": []}}, {"model": "contenttypes.contenttype", "pk": 1, "fields": {"app_label": "admin", "model": "logentry"}}, {"model": "contenttypes.contenttype", "pk": 2, "fields": {"app_label": "auth", "model": "permission"}}, {"model": "contenttypes.contenttype", "pk": 3, "fields": {"app_label": "auth", "model": "group"}}, {"model": "contenttypes.contenttype", "pk": 4, "fields": {"app_label": "auth", "model": "user"}}, {"model": "contenttypes.contenttype", "pk": 5, "fields": {"app_label": "contenttypes", "model": "contenttype"}}, {"model": "contenttypes.contenttype", "pk": 6, "fields": {"app_label": "sessions", "model": "session"}}, {"model": "contenttypes.contenttype", "pk": 7, "fields": {"app_label": "backend", "model": "client"}}, {"model": "contenttypes.contenttype", "pk": 8, "fields": {"app_label": "backend", "model": "launderer"}}, {"model": "contenttypes.contenttype", "pk": 9, "fields": {"app_label": "backend", "model": "launderette"}}, {"model": "contenttypes.contenttype", "pk": 10, "fields": {"app_label": "backend", "model": "transactions"}}, {"model": "contenttypes.contenttype", "pk": 11, "fields": {"app_label": "backend", "model": "services"}}, {"model": "contenttypes.contenttype", "pk": 12, "fields": {"app_label": "backend", "model": "review"}}, {"model": "contenttypes.contenttype", "pk": 13, "fields": {"app_label": "backend", "model": "payment"}}, {"model": "contenttypes.contenttype", "pk": 14, "fields": {"app_label": "backend", "model": "order"}}, {"model": "contenttypes.contenttype", "pk": 15, "fields": {"app_label": "backend", "model": "delivery"}}, {"model": "contenttypes.contenttype", "pk": 16, "fields": {"app_label": "backend", "model": "complaint"}}, {"model": "contenttypes.contenttype", "pk": 17, "fields": {"app_label": "backend", "model": "reviewcomment"}}, {"model": "sessions.session", "pk": "0kw387tfxdkhryin0cmgim0sw84fvpqs", "fields": {"session_data": ".eJxVjMsOgjAUBf-la9M0benDpXu_gdzeh0UNJBRWxH8XEha6PTNzNtXDutR-bTz3A6mrsuryuxXAF48HoCeMj0njNC7zUPSh6JM2fZ-I37fT_Tuo0OpeG-LibEwOgxSUEm0wEp2Yzidg6nL0ngSzuIIpWeiYMrFADnsXENXnCwQCOTw:1mvRoj:BWnLFYas8hD_mZSpRU1-ERJ4KUGl3VwKX8RujKdDpS4", "expire_date": "2021-12-23T22:23:09.370Z"}}, {"model": "sessions.session", "pk": "dqczobelrchdrs0cgfn5yq787vdx5wv4", "fields": {"session_data": ".eJxVjMsOgjAUBf-la9M0benDpXu_gdzeh0UNJBRWxH8XEha6PTNzNtXDutR-bTz3A6mrsuryuxXAF48HoCeMj0njNC7zUPSh6JM2fZ-I37fT_Tuo0OpeG-LibEwOgxSUEm0wEp2Yzidg6nL0ngSzuIIpWeiYMrFADnsXENXnCwQCOTw:1mvK2o:vK1Qo7WZDOXN5cusFuBVxxjW3dReuAd9SAxVxzjnibQ", "expire_date": "2021-12-23T14:05:10.859Z"}}, {"model": "sessions.session", "pk": "f9oan5aiubobp2pi749598nus37o4egx", "fields": {"session_data": ".eJxVjMsOgjAUBf-la9M0benDpXu_gdzeh0UNJBRWxH8XEha6PTNzNtXDutR-bTz3A6mrsuryuxXAF48HoCeMj0njNC7zUPSh6JM2fZ-I37fT_Tuo0OpeG-LibEwOgxSUEm0wEp2Yzidg6nL0ngSzuIIpWeiYMrFADnsXENXnCwQCOTw:1mduw7:m19cGrKi1ElIBtoGS3YdB_YC2RSCibg97WHktQzfj8s", "expire_date": "2021-11-05T13:50:19.595Z"}}, {"model": "sessions.session", "pk": "gstgpahbadjlenhpncowj1lq0dj8eygt", "fields": {"session_data": ".eJxVjEEOwiAQRe_C2pBhoC24dO8ZyDBMpWpKUtqV8e7apAvd_vfef6lI21ri1mSJU1ZnZdTpd0vED5l3kO8036rmOq_LlPSu6IM2fa1ZnpfD_Tso1Mq3DigW0OAgPYtI9jyOHQYPwaQBkXom8cGC65gRkneYLDAg956cJ1DvD989N5E:1lpP7B:qT5a5YFdFDuM0y4IYsuTaRPdUjsxDSNCoa9ZqTnzxuE", "expire_date": "2021-06-19T05:44:57.137Z"}}, {"model": "sessions.session", "pk": "iajg96b8p03b0ajtempxrv10khawf08b", "fields": {"session_data": ".eJxVjMsOgjAUBf-la9M0benDpXu_gdzeh0UNJBRWxH8XEha6PTNzNtXDutR-bTz3A6mrsuryuxXAF48HoCeMj0njNC7zUPSh6JM2fZ-I37fT_Tuo0OpeG-LibEwOgxSUEm0wEp2Yzidg6nL0ngSzuIIpWeiYMrFADnsXENXnCwQCOTw:1mvR1w:tWEZTegGBFF0yAX6hcSx1TAlihTAxogtsa--XI-Lc_c", "expire_date": "2021-12-23T21:32:44.421Z"}}, {"model": "sessions.session", "pk": "kpwp543spvt8krkqhkm0516xaapalpuk", "fields": {"session_data": ".eJxVjMsOwiAUBf-FtSFAobd16d5vaO4DpGogKe3K-O_apAvdnpk5LzXhtuZpa3GZZlFnZY06_Y6E_IhlJ3LHcquaa1mXmfSu6IM2fa0Sn5fD_TvI2PK3HntAdmkMEsnbGIgMcepS56wfiDEAOG8MWO-AWfyAgQmSgT6iAKN6fwAZIDi1:1mXlJm:phapUOZcESErgvhMMDAFyzlhvUrSZ9-SWGuojjLNjLw", "expire_date": "2021-10-19T14:21:18.481Z"}}, {"model": "sessions.session", "pk": "nd1iuyqzztzm6204oa1ley3qy8k4z2ln", "fields": {"session_data": ".eJxVjMsOgjAUBf-la9M0benDpXu_gdzeh0UNJBRWxH8XEha6PTNzNtXDutR-bTz3A6mrsuryuxXAF48HoCeMj0njNC7zUPSh6JM2fZ-I37fT_Tuo0OpeG-LibEwOgxSUEm0wEp2Yzidg6nL0ngSzuIIpWeiYMrFADnsXENXnCwQCOTw:1muxq3:iFdC3mRg_axLYH-4jxiwRcuVAVSmeHliuxhjBDeA6Gk", "expire_date": "2021-12-22T14:22:31.817Z"}}, {"model": "sessions.session", "pk": "qm8x0mc8plc08nx8plumrpfhr385rwon", "fields": {"session_data": ".eJxVjMsOgjAUBf-la9M0benDpXu_gdzeh0UNJBRWxH8XEha6PTNzNtXDutR-bTz3A6mrsuryuxXAF48HoCeMj0njNC7zUPSh6JM2fZ-I37fT_Tuo0OpeG-LibEwOgxSUEm0wEp2Yzidg6nL0ngSzuIIpWeiYMrFADnsXENXnCwQCOTw:1mrQb5:-jpVxmF_7d1d9YUtXcZSXxN-Wo_V9INKM0Q8TlylnM0", "expire_date": "2021-12-12T20:16:27.589Z"}}, {"model": "sessions.session", "pk": "slxipydyy0d71y6poo4hsjq5efyru77b", "fields": {"session_data": ".eJxVjMsOwiAUBf-FtSFAobd16d5vaO4DpGogKe3K-O_apAvdnpk5LzXhtuZpa3GZZlFnZY06_Y6E_IhlJ3LHcquaa1mXmfSu6IM2fa0Sn5fD_TvI2PK3HntAdmkMEsnbGIgMcepS56wfiDEAOG8MWO-AWfyAgQmSgT6iAKN6fwAZIDi1:1mYkQA:6UZAQFyuYvtY40016yjWMsN4h2bwWqNObQK-n8u8uHw", "expire_date": "2021-10-22T07:35:58.110Z"}}, {"model": "sessions.session", "pk": "xhhs91060ix81cctb7bd45hjv8cfvma8", "fields": {"session_data": ".eJxVjMsOwiAUBf-FtSFAobd16d5vaO4DpGogKe3K-O_apAvdnpk5LzXhtuZpa3GZZlFnZY06_Y6E_IhlJ3LHcquaa1mXmfSu6IM2fa0Sn5fD_TvI2PK3HntAdmkMEsnbGIgMcepS56wfiDEAOG8MWO-AWfyAgQmSgT6iAKN6fwAZIDi1:1mXlqp:okWF8Mhr0_kBbsxIWFtqYXHrSjDVXWOdTLHRJssJjqg", "expire_date": "2021-10-19T14:55:27.044Z"}}, {"model": "sessions.session", "pk": "zjcny05qhmnb45gm22wo72b2mk98zhnz", "fields": {"session_data": ".eJxVjMsOgjAUBf-la9M0benDpXu_gdzeh0UNJBRWxH8XEha6PTNzNtXDutR-bTz3A6mrsuryuxXAF48HoCeMj0njNC7zUPSh6JM2fZ-I37fT_Tuo0OpeG-LibEwOgxSUEm0wEp2Yzidg6nL0ngSzuIIpWeiYMrFADnsXENXnCwQCOTw:1mT8oI:oR0FTriM2_rn_USlTR5IYVBpub6tF8zWFm9WXvza0DA", "expire_date": "2021-10-06T20:25:42.980Z"}}, {"model": "backend.client", "pk": 1, "fields": {"user": 3, "name": "anwar samen", "profile_pic": "default-profile.png", "address": null, "city": null, "lat": 0.0, "lon": 0.0, "isBlocked": false, "is_email_verified": false, "date_joined": "2021-09-22T21:37:36.666Z"}}, {"model": "backend.client", "pk": 2, "fields": {"user": 14, "name": "anwar sameen", "profile_pic": "default-profile.png", "address": "ashghas", "city": null, "lat": 0.0, "lon": 0.0, "isBlocked": false, "is_email_verified": false, "date_joined": "2021-11-28T20:17:16.144Z"}}, {"model": "backend.launderer", "pk": 1, "fields": {"user": 4, "name": "Najeeb Khan Khatak", "profile_pic": "default-profile.png", "address": "hjk", "city": null, "lat": null, "lon": null, "isBlocked": false, "is_email_verified": false, "date_joined": "2021-09-22T21:37:36.686Z"}}, {"model": "backend.launderer", "pk": 7, "fields": {"user": 10, "name": "Yasir Hassan Khan", "profile_pic": "image0.jpg", "address": "royal avenue", "city": "Islamabad", "lat": null, "lon": null, "isBlocked": false, "is_email_verified": true, "date_joined": "2021-09-22T21:37:36.686Z"}}, {"model": "backend.launderer", "pk": 8, "fields": {"user": 11, "name": "Najeeb Khan", "profile_pic": "maciej-kuciara-nike-ae-warrior-comp-003.jpg", "address": null, "city": null, "lat": null, "lon": null, "isBlocked": false, "is_email_verified": false, "date_joined": "2021-09-22T21:37:36.686Z"}}, {"model": "backend.launderer", "pk": 9, "fields": {"user": 12, "name": "Usman Awan", "profile_pic": "default-profile.png", "address": null, "city": null, "lat": null, "lon": null, "isBlocked": false, "is_email_verified": false, "date_joined": "2021-10-08T04:17:03.941Z"}}, {"model": "backend.launderer", "pk": 32, "fields": {"user": 36, "name": "Usma Shezad", "profile_pic": "default-profile.png", "address": "royal avenue", "city": "ISLAMABAD", "lat": 33.6574318, "lon": 73.1590264, "isBlocked": false, "is_email_verified": true, "date_joined": "2021-12-07T13:20:46.837Z"}}, {"model": "backend.launderette", "pk": 6, "fields": {"launderer": 7, "name": "Yasir Khan Launderette", "available_time": "10pm to 1 am", "cover_photo": "after_fall_by_kuldarleement_d74h5i2-pre.jpg", "location": "Islamabad", "isBlocked": false, "delivery_fee_pkm": 0.0, "date_joined": "2021-09-22T21:37:36.703Z"}}, {"model": "backend.launderette", "pk": 8, "fields": {"launderer": 8, "name": "Launderette 2", "available_time": "10 to 11", "cover_photo": "crescent_moon_by_kuldarleement_d97kjpf-pre.jpg", "location": "talagang", "isBlocked": false, "delivery_fee_pkm": 0.0, "date_joined": "2021-09-22T21:37:36.703Z"}}, {"model": "backend.services", "pk": 5, "fields": {"launderette": 8, "title": "465tyty", "price": 0.0}}, {"model": "backend.services", "pk": 10, "fields": {"launderette": 6, "title": "Dry Cleaning", "price": 10.0}}, {"model": "backend.order", "pk": 1, "fields": {"client": 1, "launderette": 6, "description": null, "price": 120.0, "amount": 12.0, "status": "finished", "date_started": "2021-09-19T20:19:38.889Z", "date_created": "2021-09-19T21:56:42.772Z", "date_end": "2021-09-20T20:19:37Z", "services": []}}, {"model": "backend.order", "pk": 2, "fields": {"client": 1, "launderette": 6, "description": null, "price": 130.0, "amount": 13.0, "status": "ongoing", "date_started": "2021-09-19T20:20:16.435Z", "date_created": "2021-09-19T21:56:42.772Z", "date_end": "2021-09-28T20:20:13Z", "services": []}}, {"model": "backend.order", "pk": 3, "fields": {"client": 1, "launderette": 6, "description": null, "price": 140.0, "amount": 14.0, "status": "finished", "date_started": "2021-09-19T20:20:41.762Z", "date_created": "2021-09-19T21:56:42.772Z", "date_end": "2021-09-19T20:20:39Z", "services": []}}, {"model": "backend.order", "pk": 4, "fields": {"client": 1, "launderette": 6, "description": "bla bla blah", "price": 200.0, "amount": 200.0, "status": "finished", "date_started": "2021-09-20T00:25:57Z", "date_created": "2021-09-20T00:26:01.676Z", "date_end": "2021-09-20T00:25:59Z", "services": [10]}}, {"model": "backend.order", "pk": 5, "fields": {"client": 1, "launderette": 6, "description": "bla bla blah", "price": 200.0, "amount": 20.0, "status": "declined", "date_started": "2021-10-01T01:15:13Z", "date_created": "2021-10-01T01:15:15.191Z", "date_end": "2021-10-01T01:15:12Z", "services": []}}, {"model": "backend.order", "pk": 6, "fields": {"client": 1, "launderette": 6, "description": "bla bla blah", "price": 0.0, "amount": 0.0, "status": "declined", "date_started": "2021-10-01T02:18:23Z", "date_created": "2021-10-01T02:18:29.438Z", "date_end": "2021-10-01T02:18:26Z", "services": [5, 10]}}, {"model": "backend.order", "pk": 7, "fields": {"client": 1, "launderette": 6, "description": "sdhajaajd", "price": 0.0, "amount": 0.0, "status": null, "date_started": "2021-10-01T02:18:48Z", "date_created": "2021-10-01T02:18:52.425Z", "date_end": "2021-10-01T02:18:51Z", "services": [5]}}, {"model": "backend.order", "pk": 8, "fields": {"client": 1, "launderette": 6, "description": "bla bla blah", "price": 0.0, "amount": 0.0, "status": "finished", "date_started": "2021-10-01T02:19:06Z", "date_created": "2021-10-01T02:19:10.966Z", "date_end": "2021-10-01T02:19:08Z", "services": [10]}}, {"model": "backend.order", "pk": 9, "fields": {"client": 1, "launderette": 6, "description": "anything", "price": 10.0, "amount": 10.0, "status": "ongoing", "date_started": "2021-10-08T04:53:09Z", "date_created": "2021-10-08T04:53:12.589Z", "date_end": "2021-10-08T04:53:11Z", "services": [5, 10]}}, {"model": "backend.review", "pk": 1, "fields": {"launderette": 6, "client": 1, "order": 1, "rating": 5.0, "review": "Impressed", "date": "2021-09-20T01:06:08.295Z"}}, {"model": "backend.review", "pk": 2, "fields": {"launderette": 6, "client": 1, "order": 2, "rating": 5.0, "review": "Very good service", "date": "2021-09-20T01:08:17.278Z"}}, {"model": "backend.review", "pk": 3, "fields": {"launderette": 6, "client": 1, "order": 3, "rating": 0.0, "review": "nice work", "date": "2021-09-20T01:13:03.516Z"}}, {"model": "backend.reviewcomment", "pk": 3, "fields": {"review": 1, "client": null, "launderette": 6, "comment": "Thanks you", "date": "2021-09-21T00:01:00.910Z"}}, {"model": "backend.reviewcomment", "pk": 4, "fields": {"review": 1, "client": null, "launderette": 6, "comment": "hello", "date": "2021-09-21T00:01:50.040Z"}}, {"model": "backend.complaint", "pk": 2, "fields": {"client": null, "launderer": 7, "subject": "sysstem", "complain": "Your System sucks", "response": "i am tired", "status": "resolved", "date": "2021-10-06T22:40:31.687Z"}}, {"model": "backend.complaint", "pk": 3, "fields": {"client": null, "launderer": 7, "subject": "launderette 22", "complain": "My launderette issn't showing", "response": "we have unblocked you", "status": "resolved", "date": "2021-10-06T22:46:07.077Z"}}, {"model": "backend.complaint", "pk": 4, "fields": {"client": null, "launderer": 7, "subject": "check 101", "complain": "hsajdsa", "response": "ok  bro", "status": "resolved", "date": "2021-10-06T22:48:43.696Z"}}, {"model": "backend.complaint", "pk": 5, "fields": {"client": null, "launderer": 7, "subject": "check 102", "complain": "hello hi", "response": "working on it", "status": "resolved", "date": "2021-10-06T22:49:58.258Z"}}, {"model": "backend.complaint", "pk": 6, "fields": {"client": null, "launderer": 7, "subject": "sysstem api", "complain": "Your System sucks tbh api", "response": null, "status": "unresolved", "date": "2021-10-24T01:04:07.973Z"}}, {"model": "backend.complaint", "pk": 9, "fields": {"client": null, "launderer": 8, "subject": "Usman", "complain": "testing api", "response": "", "status": "unresolved", "date": "2021-10-28T22:28:16.453Z"}}, {"model": "backend.complaint", "pk": 10, "fields": {"client": 1, "launderer": null, "subject": "api test", "complain": "testing api 101", "response": "", "status": "unresolved", "date": "2021-10-28T22:46:05.127Z"}}]